{"cameraMode":{"drawMode":0,"name":"Shaded","section":"Shading Mode"},"sceneLighting":false,"audioPlay":false,"sceneViewState":{"showFog":true,"showMaterialUpdate":false,"showSkybox":true,"showFlares":true,"showImageEffects":true,"showParticleSystems":true},"in2DMode":false,"pivot":{"x":-120.24739074707031,"y":256.386474609375,"z":-8.610577583312989},"rotation":{"x":-0.27356553077697756,"y":0.051583629101514819,"z":-0.014726466499269009,"w":-0.9603887796401978},"size":2.1247451305389406,"orthographic":false}