{"cameraMode":{"drawMode":0,"name":"Shaded","section":"Shading Mode"},"sceneLighting":false,"audioPlay":false,"sceneViewState":{"showFog":true,"showMaterialUpdate":false,"showSkybox":true,"showFlares":true,"showImageEffects":true,"showParticleSystems":true},"in2DMode":false,"pivot":{"x":6635.40673828125,"y":-697.6923828125,"z":6599.8017578125},"rotation":{"x":-0.1572382003068924,"y":0.4279997944831848,"z":-0.07591893523931503,"w":-0.8867872357368469},"size":4233.9794921875,"orthographic":false}