{"cameraMode":{"drawMode":0,"name":"Shaded","section":"Shading Mode"},"sceneLighting":false,"audioPlay":false,"sceneViewState":{"showFog":true,"showMaterialUpdate":false,"showSkybox":true,"showFlares":true,"showImageEffects":true,"showParticleSystems":true},"in2DMode":false,"pivot":{"x":-118.98161315917969,"y":256.88433837890627,"z":-8.534646987915039},"rotation":{"x":0.06594783812761307,"y":-0.015231953002512455,"z":0.0010126272682100535,"w":0.9977445602416992},"size":1.2247449159622193,"orthographic":false}