{"cameraMode":{"drawMode":0,"name":"Shaded","section":"Shading Mode"},"sceneLighting":false,"audioPlay":false,"sceneViewState":{"showFog":true,"showMaterialUpdate":false,"showSkybox":true,"showFlares":true,"showImageEffects":true,"showParticleSystems":true},"in2DMode":false,"pivot":{"x":-229.1984100341797,"y":265.390380859375,"z":48.902122497558597},"rotation":{"x":0.008998491801321507,"y":0.011667564511299134,"z":0.00008405927655985579,"w":-0.9999241232872009},"size":1.2477407455444337,"orthographic":false}